[
  {
    "model": "main.usuario",
    "pk": 1,
    "fields": {
      "nombre": "Sofía",
      "apellido": "Gómez",
      "correo": "sofia.gomez@example.com",
      "contrasena": "pbkdf2_sha256$870000$cYNJyBrzKJe2nD1lBJaRGG$bJtYRWP23XhIKPTbvWS0bsNfX0WulGPDUvv0BkI8EoE=", 
      "puntos_acumulados": 200
    }
  },
  {
    "model": "main.usuario",
    "pk": 2,
    "fields": {
      "nombre": "Pedro",
      "apellido": "Morales",
      "correo": "pedro.morales@example.com",
      "contrasena": "pbkdf2_sha256$870000$jgBWomim7kMnQ06nD0QqWL$6KjG+5CwxOl3mXo6m60obcLr0uM+CxwTdaOw8jyJq3s=", 
      "puntos_acumulados": 150
    }
  },
  {
    "model": "main.categoria",
    "pk": 1,
    "fields": {
      "nombre": "Café",
      "imagen": "categorias/cafe.png"
    }
  },
  {
    "model": "main.categoria",
    "pk": 2,
    "fields": {
      "nombre": "Smoothies",
      "imagen": "categorias/smoothie.png"
    }
  },
  {
    "model": "main.categoria",
    "pk": 3,
    "fields": {
      "nombre": "Crepa",
      "imagen": "categorias/crepa.png"
    }
  },
  {
    "model": "main.categoria",
    "pk": 4,
    "fields": {
      "nombre": "Pancake",
      "imagen": "categorias/pancake.png"
    }
  },
  {
    "model": "main.categoria",
    "pk": 5,
    "fields": {
      "nombre": "Frescrema",
      "imagen": "categorias/frescrema.png"
    }
  },
  {
    "model": "main.categoria",
    "pk": 6,
    "fields": {
      "nombre": "Pastel",
      "imagen": "categorias/pastel.png"
    }
  },
  {
      "model": "main.postre",
      "pk": 1,
      "fields": {
          "nombre": "Mocha cremoso",
          "descripcion": "Café y chocolate en un cappuccino suave con crema batida y cacao.",
          "precio": "80.00",
          "categoria": 1,
          "es_recomendado": true,
          "calorias": 250,
          "imagen": "postres/cafe-baileys.jpg"
      }
  },
  {
    "model": "main.postre",
    "pk": 2,
    "fields": {
        "nombre": "Latte de avellana",
        "descripcion": "Espresso mezclado con leche al vapor y un toque de avellana.",
        "precio": "75.00",
        "categoria": 1,
        "es_recomendado": false,
        "calorias": 200,
        "imagen": "postres/cafe-baileys.jpg"
    }
  },
  {
    "model": "main.postre",
    "pk": 3,
    "fields": {
        "nombre": "Capuccino",
        "descripcion": "Capuccino espumoso con un toque dulce de caramelo, crema batida.",
        "precio": "85.00",
        "categoria": 1,
        "es_recomendado": false,
        "calorias": 280,
        "imagen": "postres/cafe-baileys.jpg"
    }
  },
  {
    "model": "main.postre",
    "pk": 4,
    "fields": {
        "nombre": "Espresso doble",
        "descripcion": "Café concentrado para los amantes del sabor fuerte e intenso.",
        "precio": "50.00",
        "categoria": 1,
        "es_recomendado": false,
        "calorias": 5,
        "imagen": "postres/cafe-baileys.jpg"
    }
  },
  {
      "model": "main.postre",
      "pk": 5,
      "fields": {
          "nombre": "Frappe fresa",
          "descripcion": "Fresas, leche y frambuesa, decorado con crema batida y fresas frescas.",
          "precio": "65.00",
          "categoria": 2,
          "es_recomendado": true,
          "calorias": 220,
          "imagen": "postres/smoothie-rosa.jpg"
      }
  },
  {
    "model": "main.postre",
    "pk": 6,
    "fields": {
        "nombre": "Smoothie tropical",
        "descripcion": "Mango, piña y coco para un escape tropical en cada sorbo.",
        "precio": "70.00",
        "categoria": 2,
        "es_recomendado": false,
        "calorias": 190,
        "imagen": "postres/smoothie-rosa.jpg"
    }
},
{
  "model": "main.postre",
  "pk": 7,
  "fields": {
      "nombre": "Smoothie verde",
      "descripcion": "Espinacas, manzana verde, plátano y leche de almendra.",
      "precio": "75.00",
      "categoria": 2,
      "es_recomendado": false,
      "calorias": 150,
      "imagen": "postres/smoothie-rosa.jpg"
  }
},
  {
    "model": "main.postre",
    "pk": 8,
    "fields": {
      "nombre": "Smoothie choco",
      "descripcion": "Plátano y cacao con miel y un toque de vainilla.",
      "precio": "65.00",
      "categoria": 2,
      "es_recomendado": false,
      "calorias": 230,
      "imagen": "postres/smoothie-rosa.jpg"
    }
  },
  {
    "model": "main.postre",
    "pk": 9,
    "fields": {
      "nombre": "Crepa tropical",
      "descripcion": "Rellena de crema, kiwi y uvas, con miel y azúcar glas.",
      "precio": "85.00",
      "categoria": 3,
      "es_recomendado": true,
      "calorias": 320,
      "imagen": "postres/crepa-uva-kiwi.jpg"
    }
  },
  {
    "model": "main.postre",
    "pk": 10,
    "fields": {
      "nombre": "Crepa dulce",
      "descripcion": "Crepa rellena de Nutella, decorada con plátano y fresas.",
      "precio": "90.00",
      "categoria": 3,
      "es_recomendado": false,
      "calorias": 450,
      "imagen": "postres/crepa-uva-kiwi.jpg"
    }
  },
  {
    "model": "main.postre",
    "pk": 11,
    "fields": {
      "nombre": "Crepa salada",
      "descripcion": "Pollo desmenuzado, queso derretido y espinacas en una crepa salada.",
      "precio": "100.00",
      "categoria": 3,
      "es_recomendado": false,
      "calorias": 350,
      "imagen": "postres/crepa-uva-kiwi.jpg"
    }
  },
  {
    "model": "main.postre",
    "pk": 12,
    "fields": {
      "nombre": "Crepa de manzana",
      "descripcion": "Rellena de manzanas caramelizadas y canela con crema dulce.",
      "precio": "85.00",
      "categoria": 3,
      "es_recomendado": false,
      "calorias": 380,
      "imagen": "postres/crepa-uva-kiwi.jpg"
    }
  },
  {
    "model": "main.postre",
    "pk": 13,
    "fields": {
      "nombre": "Choco pancakes",
      "descripcion": "Pancakes con chocolate fundido y trozos de fresas.",
      "precio": "90.00",
      "categoria": 4,
      "es_recomendado": true,
      "calorias": 600,
      "imagen": "postres/pancakes-chocolate.jpg"
    }
  },
  {
    "model": "main.postre",
    "pk": 14,
    "fields": {
      "nombre": "Pancake de ará",
      "descripcion": "Pancakes suaves con arándanos frescos en la masa.",
      "precio": "85.00",
      "categoria": 4,
      "es_recomendado": false,
      "calorias": 400,
      "imagen": "postres/pancakes-chocolate.jpg"
    }
  },
  {
    "model": "main.postre",
    "pk": 15,
    "fields": {
      "nombre": "Pancake de prote",
      "descripcion": "Pancakes de harina integral y proteína, opción saludable y energética.",
      "precio": "90.00",
      "categoria": 4,
      "es_recomendado": false,
      "calorias": 350,
      "imagen": "postres/pancakes-chocolate.jpg"
    }
  },
  {
    "model": "main.postre",
    "pk": 16,
    "fields": {
      "nombre": "Pancake de coco",
      "descripcion": "Pancakes de coco con almendras tostadas y miel.",
      "precio": "95.00",
      "categoria": 4,
      "es_recomendado": false,
      "calorias": 420,
      "imagen": "postres/pancakes-chocolate.jpg"
    }
  },
  {
    "model": "main.postre",
    "pk": 17,
    "fields": {
      "nombre": "Frescrema tropical",
      "descripcion": "Deliciosa mezcla de fresas, mango y kiwi con crema dulce y un toque de miel.",
      "precio": "75.00",
      "categoria": 5,
      "es_recomendado": false,
      "calorias": 180,
      "imagen": "postres/frescrema-clasica.jpg"
    }
  },
  {
    "model": "main.postre",
    "pk": 18,
    "fields": {
      "nombre": "Frescrema clásica",
      "descripcion": "Fresas frescas cubiertas con crema dulce y decoradas con azúcar glas.",
      "precio": "70.00",
      "categoria": 5,
      "es_recomendado": false,
      "calorias": 150,
      "imagen": "postres/frescrema-clasica.jpg"
    }
  },
  {
    "model": "main.postre",
    "pk": 19,
    "fields": {
      "nombre": "Fresnuez",
      "descripcion": "Fresas con crema dulce, decoradas con nuez triturada y un toque de miel.",
      "precio": "80.00",
      "categoria": 5,
      "es_recomendado": false,
      "calorias": 200,
      "imagen": "postres/frescrema-clasica.jpg"
    }
  },
  {
    "model": "main.postre",
    "pk": 20,
    "fields": {
      "nombre": "Freschoco",
      "descripcion": "Fresas bañadas con crema dulce y cubiertas con salsa de chocolate.",
      "precio": "85.00",
      "categoria": 5,
      "es_recomendado": false,
      "calorias": 250,
      "imagen": "postres/frescrema-clasica.jpg"
    }
  },
  {
    "model": "main.postre",
    "pk": 21,
    "fields": {
      "nombre": "Pastel red velvet",
      "descripcion": "Suave pastel de red velvet cubierto con crema de queso.",
      "precio": "90.00",
      "categoria": 6,
      "es_recomendado": false,
      "calorias": 350,
      "imagen": "postres/pastel-frutas.jpg"
    }
  },
  {
    "model": "main.postre",
    "pk": 22,
    "fields": {
      "nombre": "Pastel tres leches",
      "descripcion": "Esponjoso pastel bañado en tres leches, decorado con crema batida.",
      "precio": "95.00",
      "categoria": 6,
      "es_recomendado": false,
      "calorias": 400,
      "imagen": "postres/pastel-frutas.jpg"
    }
  },
  {
    "model": "main.postre",
    "pk": 23,
    "fields": {
      "nombre": "Pastel chocolate",
      "descripcion": "Rico pastel de chocolate con relleno y cubierta de chocolate.",
      "precio": "100.00",
      "categoria": 6,
      "es_recomendado": false,
      "calorias": 450,
      "imagen": "postres/pastel-frutas.jpg"
    }
  },
  {
    "model": "main.postre",
    "pk": 24,
    "fields": {
      "nombre": "Pastel zanahoria",
      "descripcion": "Pastel de zanahoria con nueces y pasas, cubierto con crema de queso.",
      "precio": "85.00",
      "categoria": 6,
      "es_recomendado": false,
      "calorias": 320,
      "imagen": "postres/pastel-frutas.jpg"
    }
  },
  {
    "model": "main.ingrediente",
    "pk": 1,
    "fields": {
      "nombre": "Expreso",
      "tipo": "Tipo de café",
      "precio_adicional": "10.00",
      "calorias": "500"
    }
  },
  {
    "model": "main.ingrediente",
    "pk": 2,
    "fields": {
      "nombre": "Latte",
      "tipo": "Tipo de café",
      "precio_adicional": "11.00",
      "calorias": "600"
    }
  },
  {
    "model": "main.ingrediente",
    "pk": 3,
    "fields": {
      "nombre": "Capuccino",
      "tipo": "Tipo de café",
      "precio_adicional": "12.00",
      "calorias": "700"
    }
  },
  {
    "model": "main.ingrediente",
    "pk": 4,
    "fields": {
      "nombre": "Macchiato",
      "tipo": "Tipo de café",
      "precio_adicional": "13.00",
      "calorias": "800"
    }
  },
  {
    "model": "main.ingrediente",
    "pk": 5,
    "fields": {
      "nombre": "Petit (60ml)",
      "tipo": "Tamaño",
      "precio_adicional": "10.00",
      "calorias": "600"
    }
  },
  {
    "model": "main.ingrediente",
    "pk": 6,
    "fields": {
      "nombre": "Regular (250ml)",
      "tipo": "Tamaño",
      "precio_adicional": "11.00",
      "calorias": "600"
    }
  },
  {
    "model": "main.ingrediente",
    "pk": 7,
    "fields": {
      "nombre": "Largo (470ml)",
      "tipo": "Tamaño",
      "precio_adicional": "12.00",
      "calorias": "700"
    }
  },
  {
    "model": "main.ingrediente",
    "pk": 8,
    "fields": {
      "nombre": "Supremo (591ml)",
      "tipo": "Tamaño",
      "precio_adicional": "13.00",
      "calorias": "800"
    }
  },
  {
    "model": "main.ingrediente",
    "pk": 9,
    "fields": {
      "nombre": "Entera",
      "tipo": "Tipo de leche",
      "precio_adicional": "10.00",
      "calorias": "600"
    }
  },
  {
    "model": "main.ingrediente",
    "pk": 10,
    "fields": {
      "nombre": "Deslactosada",
      "tipo": "Tipo de leche",
      "precio_adicional": "11.00",
      "calorias": "600"
    }
  },
  {
    "model": "main.ingrediente",
    "pk": 11,
    "fields": {
      "nombre": "Leche de almendra",
      "tipo": "Tipo de leche",
      "precio_adicional": "12.00",
      "calorias": "700"
    }
  },
  {
    "model": "main.ingrediente",
    "pk": 12,
    "fields": {
      "nombre": "Leche de coco",
      "tipo": "Tipo de leche",
      "precio_adicional": "13.00",
      "calorias": "800"
    }
  },
  {
    "model": "main.ingrediente",
    "pk": 13,
    "fields": {
      "nombre": "Baja",
      "tipo": "Intensidad",
      "precio_adicional": "10.00",
      "calorias": "600"
    }
  },
  {
    "model": "main.ingrediente",
    "pk": 14,
    "fields": {
      "nombre": "Media",
      "tipo": "Intensidad",
      "precio_adicional": "11.00",
      "calorias": "600"
    }
  },
  {
    "model": "main.ingrediente",
    "pk": 15,
    "fields": {
      "nombre": "Alta",
      "tipo": "Intensidad",
      "precio_adicional": "12.00",
      "calorias": "700"
    }
  },
  {
    "model": "main.ingrediente",
    "pk": 16,
    "fields": {
      "nombre": "Vainilla",
      "tipo": "Sabores",
      "precio_adicional": "10.00",
      "calorias": "600"
    }
  },
  {
    "model": "main.ingrediente",
    "pk": 17,
    "fields": {
      "nombre": "Caramelo",
      "tipo": "Sabores",
      "precio_adicional": "11.00",
      "calorias": "600"
    }
  },
  {
    "model": "main.ingrediente",
    "pk": 18,
    "fields": {
      "nombre": "Avellana",
      "tipo": "Sabores",
      "precio_adicional": "12.00",
      "calorias": "700"
    }
  },
  {
    "model": "main.ingrediente",
    "pk": 19,
    "fields": {
      "nombre": "Mocha",
      "tipo": "Sabores",
      "precio_adicional": "13.00",
      "calorias": "800"
    }
  },
  {
    "model": "main.categoriaingrediente",
    "pk": 1,
    "fields": {
      "categoria_id": 1,
      "ingrediente_id": 1
    }
  },
  {
    "model": "main.categoriaingrediente",
    "pk": 2,
    "fields": {
      "categoria_id": 1,
      "ingrediente_id": 2
    }
  },
  {
    "model": "main.categoriaingrediente",
    "pk": 3,
    "fields": {
      "categoria_id": 1,
      "ingrediente_id": 3
    }
  },
  {
    "model": "main.categoriaingrediente",
    "pk": 4,
    "fields": {
      "categoria_id": 1,
      "ingrediente_id": 4
    }
  },
  {
    "model": "main.categoriaingrediente",
    "pk": 5,
    "fields": {
      "categoria_id": 1,
      "ingrediente_id": 5
    }
  },
  {
    "model": "main.categoriaingrediente",
    "pk": 6,
    "fields": {
      "categoria_id": 1,
      "ingrediente_id": 6
    }
  },
  {
    "model": "main.categoriaingrediente",
    "pk": 7,
    "fields": {
      "categoria_id": 1,
      "ingrediente_id": 7
    }
  },
  {
    "model": "main.categoriaingrediente",
    "pk": 8,
    "fields": {
      "categoria_id": 1,
      "ingrediente_id": 8
    }
  },
  {
    "model": "main.categoriaingrediente",
    "pk": 9,
    "fields": {
      "categoria_id": 1,
      "ingrediente_id": 9
    }
  },
  {
    "model": "main.categoriaingrediente",
    "pk": 10,
    "fields": {
      "categoria_id": 1,
      "ingrediente_id": 10
    }
  },
  {
    "model": "main.categoriaingrediente",
    "pk": 11,
    "fields": {
      "categoria_id": 1,
      "ingrediente_id": 11
    }
  },
  {
    "model": "main.categoriaingrediente",
    "pk": 12,
    "fields": {
      "categoria_id": 1,
      "ingrediente_id": 12
    }
  },
  {
    "model": "main.categoriaingrediente",
    "pk": 13,
    "fields": {
      "categoria_id": 1,
      "ingrediente_id": 13
    }
  },
  {
    "model": "main.categoriaingrediente",
    "pk": 14,
    "fields": {
      "categoria_id": 1,
      "ingrediente_id": 14
    }
  },
  {
    "model": "main.categoriaingrediente",
    "pk": 15,
    "fields": {
      "categoria_id": 1,
      "ingrediente_id": 15
    }
  },
  {
    "model": "main.categoriaingrediente",
    "pk": 16,
    "fields": {
      "categoria_id": 1,
      "ingrediente_id": 16
    }
  },
  {
    "model": "main.categoriaingrediente",
    "pk": 17,
    "fields": {
      "categoria_id": 1,
      "ingrediente_id": 17
    }
  },
  {
    "model": "main.categoriaingrediente",
    "pk": 18,
    "fields": {
      "categoria_id": 1,
      "ingrediente_id": 18
    }
  },
  {
    "model": "main.categoriaingrediente",
    "pk": 1,
    "fields": {
      "categoria_id": 1,
      "ingrediente_id": 19
    }
  },
  {
    "model": "main.postreingrediente",
    "pk": 1,
    "fields": {
      "postre": 1,
      "ingrediente": 1
    }
  },
  {
    "model": "main.postreingrediente",
    "pk": 2,
    "fields": {
      "postre": 1,
      "ingrediente": 2
    }
  },
  {
    "model": "main.pedido",
    "pk": 1,
    "fields": {
      "usuario": 1,
      "fecha": "2024-11-08",
      "hora": "15:00:00",
      "total": "280.00",
      "puntos_utilizados": 50,
      "estado_pago": "completado"
    }
  },
  {
    "model": "main.pedidopostre",
    "pk": 1,
    "fields": {
      "pedido": 1,
      "postre": 1,
      "cantidad": 1
    }
  },
  {
    "model": "main.favorito",
    "pk": 1,
    "fields": {
      "usuario": 2,
      "postre": 2,
      "fecha_agregado": "2024-11-07"
    }
  }
]
