[
  {
    "model": "main.usuario",
    "pk": 1,
    "fields": {
      "nombre": "Sofía",
      "apellido": "Gómez",
      "correo": "sofia.gomez@example.com",
      "contrasena": "pbkdf2_sha256$870000$cYNJyBrzKJe2nD1lBJaRGG$bJtYRWP23XhIKPTbvWS0bsNfX0WulGPDUvv0BkI8EoE=", 
      "puntos_acumulados": 200
    }
  },
  {
    "model": "main.usuario",
    "pk": 2,
    "fields": {
      "nombre": "Pedro",
      "apellido": "Morales",
      "correo": "pedro.morales@example.com",
      "contrasena": "pbkdf2_sha256$870000$jgBWomim7kMnQ06nD0QqWL$6KjG+5CwxOl3mXo6m60obcLr0uM+CxwTdaOw8jyJq3s=", 
      "puntos_acumulados": 150
    }
  },
  {
    "model": "main.categoria",
    "pk": 1,
    "fields": {
      "nombre": "Café",
      "imagen": "categorias/cafe.png"
    }
  },
  {
    "model": "main.categoria",
    "pk": 2,
    "fields": {
      "nombre": "Smoothies",
      "imagen": "categorias/smoothie.png"
    }
  },
  {
    "model": "main.categoria",
    "pk": 3,
    "fields": {
      "nombre": "Crepa",
      "imagen": "categorias/crepa.png"
    }
  },
  {
    "model": "main.categoria",
    "pk": 4,
    "fields": {
      "nombre": "Pancake",
      "imagen": "categorias/pancake.png"
    }
  },
  {
    "model": "main.categoria",
    "pk": 5,
    "fields": {
      "nombre": "Frescrema",
      "imagen": "categorias/frescrema.png"
    }
  },
  {
    "model": "main.categoria",
    "pk": 6,
    "fields": {
      "nombre": "Pastel",
      "imagen": "categorias/pastel.png"
    }
  },
  {
      "model": "main.postre",
      "pk": 1,
      "fields": {
          "nombre": "Mocha Cremoso",
          "descripcion": "Disfruta de la combinación perfecta de café y chocolate en este cappuccino suave y cremoso, decorado con crema batida y un toque de cacao. ¡Un abrazo cálido en una taza!",
          "precio": "80.00",
          "categoria": 1,
          "es_recomendado": true,
          "calorias": 250,
          "imagen": "postres/cafe-baileys.jpg"
      }
  },
  {
      "model": "main.postre",
      "pk": 2,
      "fields": {
          "nombre": "Frappe Fresa Mágica",
          "descripcion": "Un frappe refrescante hecho con fresas frescas, leche y un toque dulce de frambuesa. Decorado con crema batida y fresas. ¡Ideal para esos momentos felices!",
          "precio": "65.00",
          "categoria": 2,
          "es_recomendado": true,
          "calorias": 220,
          "imagen": "postres/smoothie-rosa.jpg"
      }
  },
  {
      "model": "main.postre",
      "pk": 3,
      "fields": {
          "nombre": "Choco Pancakes",
          "descripcion": "Esponjosos pancakes cubiertos de chocolate fundido y decorados con trocitos de fresas frescas. ¡Perfectos para compartir o disfrutar en tu momento especial!",
          "precio": "90.00",
          "categoria": 4,
          "es_recomendado": true,
          "calorias": 600,
          "imagen": "postres/pancakes-chocolate.jpg"
      }
  },
  {
      "model": "main.postre",
      "pk": 4,
      "fields": {
          "nombre": "Crepa Tropical",
          "descripcion": "Una delicada crepa rellena de crema suave y fresca fruta: kiwi y uvas. Decorada con un toque de miel y azúcar glas para un dulce momento refrescante.",
          "precio": "85.00",
          "categoria": 3,
          "es_recomendado": true,
          "calorias": 320,
          "imagen": "postres/crepa-uva-kiwi.jpg"
      }
  },
  {
    "model": "main.ingrediente",
    "pk": 1,
    "fields": {
      "nombre": "Expreso",
      "tipo": "Tipo de café",
      "precio_adicional": "10.00",
      "calorias": "500"
    }
  },
  {
    "model": "main.ingrediente",
    "pk": 2,
    "fields": {
      "nombre": "Latte",
      "tipo": "Tipo de café",
      "precio_adicional": "11.00",
      "calorias": "600"
    }
  },
  {
    "model": "main.ingrediente",
    "pk": 3,
    "fields": {
      "nombre": "Capuccino",
      "tipo": "Tipo de café",
      "precio_adicional": "12.00",
      "calorias": "700"
    }
  },
  {
    "model": "main.ingrediente",
    "pk": 4,
    "fields": {
      "nombre": "Macchiato",
      "tipo": "Tipo de café",
      "precio_adicional": "13.00",
      "calorias": "800"
    }
  },
  {
    "model": "main.ingrediente",
    "pk": 5,
    "fields": {
      "nombre": "Petit (60ml)",
      "tipo": "Tamaño",
      "precio_adicional": "10.00",
      "calorias": "600"
    }
  },
  {
    "model": "main.ingrediente",
    "pk": 6,
    "fields": {
      "nombre": "Regular (250ml)",
      "tipo": "Tamaño",
      "precio_adicional": "11.00",
      "calorias": "600"
    }
  },
  {
    "model": "main.ingrediente",
    "pk": 7,
    "fields": {
      "nombre": "Largo (470ml)",
      "tipo": "Tamaño",
      "precio_adicional": "12.00",
      "calorias": "700"
    }
  },
  {
    "model": "main.ingrediente",
    "pk": 8,
    "fields": {
      "nombre": "Supremo (591ml)",
      "tipo": "Tamaño",
      "precio_adicional": "13.00",
      "calorias": "800"
    }
  },
  {
    "model": "main.ingrediente",
    "pk": 9,
    "fields": {
      "nombre": "Entera",
      "tipo": "Tipo de leche",
      "precio_adicional": "10.00",
      "calorias": "600"
    }
  },
  {
    "model": "main.ingrediente",
    "pk": 10,
    "fields": {
      "nombre": "Deslactosada",
      "tipo": "Tipo de leche",
      "precio_adicional": "11.00",
      "calorias": "600"
    }
  },
  {
    "model": "main.ingrediente",
    "pk": 11,
    "fields": {
      "nombre": "Leche de almendra",
      "tipo": "Tipo de leche",
      "precio_adicional": "12.00",
      "calorias": "700"
    }
  },
  {
    "model": "main.ingrediente",
    "pk": 12,
    "fields": {
      "nombre": "Leche de coco",
      "tipo": "Tipo de leche",
      "precio_adicional": "13.00",
      "calorias": "800"
    }
  },
  {
    "model": "main.ingrediente",
    "pk": 13,
    "fields": {
      "nombre": "Baja",
      "tipo": "Intensidad",
      "precio_adicional": "10.00",
      "calorias": "600"
    }
  },
  {
    "model": "main.ingrediente",
    "pk": 14,
    "fields": {
      "nombre": "Media",
      "tipo": "Intensidad",
      "precio_adicional": "11.00",
      "calorias": "600"
    }
  },
  {
    "model": "main.ingrediente",
    "pk": 15,
    "fields": {
      "nombre": "Alta",
      "tipo": "Intensidad",
      "precio_adicional": "12.00",
      "calorias": "700"
    }
  },
  {
    "model": "main.ingrediente",
    "pk": 16,
    "fields": {
      "nombre": "Vainilla",
      "tipo": "Sabores",
      "precio_adicional": "10.00",
      "calorias": "600"
    }
  },
  {
    "model": "main.ingrediente",
    "pk": 17,
    "fields": {
      "nombre": "Caramelo",
      "tipo": "Sabores",
      "precio_adicional": "11.00",
      "calorias": "600"
    }
  },
  {
    "model": "main.ingrediente",
    "pk": 18,
    "fields": {
      "nombre": "Avellana",
      "tipo": "Sabores",
      "precio_adicional": "12.00",
      "calorias": "700"
    }
  },
  {
    "model": "main.ingrediente",
    "pk": 19,
    "fields": {
      "nombre": "Mocha",
      "tipo": "Sabores",
      "precio_adicional": "13.00",
      "calorias": "800"
    }
  },
  {
    "model": "main.categoriaingrediente",
    "pk": 1,
    "fields": {
      "categoria_id": 1,
      "ingrediente_id": 1
    }
  },
  {
    "model": "main.categoriaingrediente",
    "pk": 2,
    "fields": {
      "categoria_id": 1,
      "ingrediente_id": 2
    }
  },
  {
    "model": "main.categoriaingrediente",
    "pk": 3,
    "fields": {
      "categoria_id": 1,
      "ingrediente_id": 3
    }
  },
  {
    "model": "main.categoriaingrediente",
    "pk": 4,
    "fields": {
      "categoria_id": 1,
      "ingrediente_id": 4
    }
  },
  {
    "model": "main.categoriaingrediente",
    "pk": 5,
    "fields": {
      "categoria_id": 1,
      "ingrediente_id": 5
    }
  },
  {
    "model": "main.categoriaingrediente",
    "pk": 6,
    "fields": {
      "categoria_id": 1,
      "ingrediente_id": 6
    }
  },
  {
    "model": "main.categoriaingrediente",
    "pk": 7,
    "fields": {
      "categoria_id": 1,
      "ingrediente_id": 7
    }
  },
  {
    "model": "main.categoriaingrediente",
    "pk": 8,
    "fields": {
      "categoria_id": 1,
      "ingrediente_id": 8
    }
  },
  {
    "model": "main.categoriaingrediente",
    "pk": 9,
    "fields": {
      "categoria_id": 1,
      "ingrediente_id": 9
    }
  },
  {
    "model": "main.categoriaingrediente",
    "pk": 10,
    "fields": {
      "categoria_id": 1,
      "ingrediente_id": 10
    }
  },
  {
    "model": "main.categoriaingrediente",
    "pk": 11,
    "fields": {
      "categoria_id": 1,
      "ingrediente_id": 11
    }
  },
  {
    "model": "main.categoriaingrediente",
    "pk": 12,
    "fields": {
      "categoria_id": 1,
      "ingrediente_id": 12
    }
  },
  {
    "model": "main.categoriaingrediente",
    "pk": 13,
    "fields": {
      "categoria_id": 1,
      "ingrediente_id": 13
    }
  },
  {
    "model": "main.categoriaingrediente",
    "pk": 14,
    "fields": {
      "categoria_id": 1,
      "ingrediente_id": 14
    }
  },
  {
    "model": "main.categoriaingrediente",
    "pk": 15,
    "fields": {
      "categoria_id": 1,
      "ingrediente_id": 15
    }
  },
  {
    "model": "main.categoriaingrediente",
    "pk": 16,
    "fields": {
      "categoria_id": 1,
      "ingrediente_id": 16
    }
  },
  {
    "model": "main.categoriaingrediente",
    "pk": 17,
    "fields": {
      "categoria_id": 1,
      "ingrediente_id": 17
    }
  },
  {
    "model": "main.categoriaingrediente",
    "pk": 18,
    "fields": {
      "categoria_id": 1,
      "ingrediente_id": 18
    }
  },
  {
    "model": "main.categoriaingrediente",
    "pk": 1,
    "fields": {
      "categoria_id": 1,
      "ingrediente_id": 19
    }
  },
  {
    "model": "main.postreingrediente",
    "pk": 1,
    "fields": {
      "postre": 1,
      "ingrediente": 1
    }
  },
  {
    "model": "main.postreingrediente",
    "pk": 2,
    "fields": {
      "postre": 1,
      "ingrediente": 2
    }
  },
  {
    "model": "main.pedido",
    "pk": 1,
    "fields": {
      "usuario": 1,
      "fecha": "2024-11-08",
      "hora": "15:00:00",
      "total": "280.00",
      "puntos_utilizados": 50,
      "estado_pago": "completado"
    }
  },
  {
    "model": "main.pedidopostre",
    "pk": 1,
    "fields": {
      "pedido": 1,
      "postre": 1,
      "cantidad": 1
    }
  },
  {
    "model": "main.favorito",
    "pk": 1,
    "fields": {
      "usuario": 2,
      "postre": 2,
      "fecha_agregado": "2024-11-07"
    }
  }
]
